timestamp,pos_x,pos_y,pos_z
0.0,18.031,8.465,0
3.3196963983,17.002249795977363,8.465,0
6.6393927966,15.835917897049649,8.465,0
9.9590891949,14.749929579545253,8.465,0
13.2787855932,13.787510816255056,8.465,0
16.5984819915,13.017550414228584,8.465,0
19.9181783898,12.081317775370046,8.465,0
23.2378747881,11.165710583054498,8.465,0
26.5575711864,9.957307821117446,8.465,0
29.8772675847,9.162546919070763,8.465,0
33.196963983,8.361121013925153,8.465,0
36.51666038130001,7.543153937250039,8.465,0
39.83635677960001,6.290034188424949,8.465,0
43.15605317790001,5.168540461216091,8.465,0
46.475749576200016,4.000946897849731,8.465,0
49.79544597450002,3.0421482884876982,8.465,0
53.11514237280002,1.8634405354609058,8.465,0
56.434838771100026,2.515679109316349,7.632228194766452,0
59.75453516940003,2.995772894011547,7.019249165638014,0
63.07423156770003,3.500295085811067,6.3750801862387805,0
66.39392796600004,4.240366085680188,5.430164802104203,0
69.71362436430003,4.828656096441216,4.679041894168211,0
73.03332076260003,5.578238543947492,3.7219823871057973,0
76.35301716090002,6.244436812123759,2.871386981266504,0
79.67271355920002,6.964477212002632,1.9520464704718874,0
82.99240995750002,7.42444620168945,1.3647625819574398,0
86.31210635580001,8.40100601199692,1.8866174531205693,0
89.63180275410001,9.111402192775406,2.2662395750653728,0
92.9514991524,9.851370993547489,2.6616647391114636,0
96.2711955507,10.778773829289952,3.157251063937104,0
99.590891949,11.633860613169528,3.614193074784627,0
102.91058834729999,12.729579316279468,4.199724177546716,0
106.23028474559999,13.575303507247234,4.651662997943254,0
109.54998114389998,14.67162371032923,5.237515530777633,0
112.86967754219998,15.58637598418657,5.726341637465049,0
116.18937394049998,16.279900192624893,6.096947700322728,0
119.50907033879997,17.090326605918882,6.5300240639338565,0
122.82876673709997,17.86998968658434,6.946661091401962,0
126.14846313539996,18.6186115212075,7.346710271118023,0
129.46815953369997,19.29202154361653,7.706567697949442,0
132.78785593199999,18.56432913215803,8.571203195172076,0
136.1075523303,17.922183707318922,9.334192776968292,0
139.4272487286,17.277587379306617,10.10009449286187,0
142.74694512690002,16.673676057630175,10.817654766507609,0
146.06664152520003,15.889504925032437,11.749397610688618,0
149.38633792350004,15.181346505414814,12.590823050362035,0
152.70603432180005,14.67449943139033,13.193052735548175,0
156.02573072010006,13.960753962444404,14.041116641004548,0
159.34542711840007,13.337772678853414,14.781335617341652,0
162.66512351670008,12.674869766729866,15.568988999469799,0
165.9848199150001,12.096824235219664,16.255815847853317,0
169.3045163133001,10.898281554311804,16.619093875193016,0
172.6242127116001,10.95636497761896,15.619418884366302,0
175.94390910990012,11.010837396369139,14.681892967093365,0
179.26360550820013,11.061185433271875,13.815351870458558,0
182.58330190650014,11.117866931723798,12.839805437092775,0
185.90299830480015,11.177661299780182,11.810683341066284,0
189.22269470310016,11.2394747095064,10.746811477415084,0
192.54239110140017,11.307095976599047,9.582980461411493,0
195.86208749970018,11.358809536404621,8.692937322065662,0
199.1817838980002,11.406097872936398,7.879056791322374,0
202.5014802963002,11.462295482046603,6.911838587349779,0
205.8211766946002,11.525090544439788,5.83107147949687,0
209.14087309290022,11.586304701473715,4.777513366233657,0
212.46056949120023,11.657105927285395,3.558952015441307,0
215.78026588950024,11.718017728875399,2.510597747929933,0
219.09996228780025,11.760830264808487,1.7737503131661305,0
222.41965868610026,12.869253965029648,1.4995851309506192,0
225.73935508440027,13.711463707041181,1.2912671498968045,0
229.05905148270028,14.825144338218802,1.0158016820294393,0
232.3787478810003,14.639205171847061,1.7444071348187509,0
235.6984442793003,14.450573493487878,2.4835632368017277,0
239.01814067760031,14.260940653238375,3.226642406886202,0
242.33783707590032,13.954507621241246,4.4274049056353695,0
245.65753347420033,13.662427482752381,5.571925372770194,0
248.97722987250035,13.358153207764579,6.764228749329379,0
252.29692627080036,13.150064306918324,7.579628273700686,0
255.61662266910037,12.875708079421525,8.654697325915457,0
258.93631906740035,12.607247166715101,9.706665497417507,0
262.25601546570033,12.368286781458083,10.643035403211375,0
265.5757118640003,12.072591954758204,11.801720081104314,0
268.8954082623003,11.808685728070971,12.835840646133333,0
272.2151046606003,11.590797372169254,13.689639484253846,0
275.53480105890026,11.399168531861417,14.440540010939234,0
278.85449745720024,11.136193050885895,15.471013434734127,0
282.1741938555002,10.909608454803816,16.358888622328585,0
285.4938902538002,10.086163682105337,15.749756773185268,0
288.8135866521002,9.263668476732697,15.141327353300419,0
292.13328305040017,8.663114290554322,14.69707572396675,0
295.45297944870015,7.991377621218341,14.200167840042605,0
298.77267584700013,6.9862423286813735,13.456632948958363,0
302.0923722453001,6.1463318129503275,12.835320794792189,0
305.4120686436001,5.346020258719934,12.243301423144993,0
308.7317650419001,4.420910230488935,11.558964111353331,0
312.05146144020006,3.4245655394846506,10.821931945824247,0
315.37115783850004,2.549282019693221,10.174453102540056,0
318.6908542368,1.856120371499311,9.661696387677537,0
322.0105506351,2.73183946805963,10.4250505739685,0
325.3302470334,3.5186874617271853,11.11093684994444,0
328.64994343169997,4.210336674243633,11.713839451809664,0
331.96963982999995,4.777546894028365,12.208270026043314,0
335.28933622829993,5.358177805549334,12.714399261708486,0
338.6090326265999,6.212316556817905,13.458942111139528,0
341.9287290248999,7.063861994582939,14.201224399247808,0
345.2484254231999,7.905921058415561,14.935237525152738,0
348.56812182149986,8.661775492897968,15.594107074823443,0
351.88781821979984,9.261993464395648,16.117310123642948,0
355.2075146180998,8.105401097931551,16.479971102728577,0
358.5272110163998,6.925445327998652,16.6274611784282,0
361.8469074146998,7.764719472739274,15.999035663637374,0
365.16660381299977,8.528253317070806,15.427322413335173,0
368.48630021129975,9.510178627075648,14.692083609312874,0
371.80599660959973,10.104619858581021,14.246982280667625,0
375.1256930078997,10.718733029494658,13.787151142070478,0
378.4453894061997,11.337795930521313,13.323613781002589,0
381.7650858044997,12.204238424677145,12.67484534956854,0
385.08478220279966,13.003409618297805,12.076447827252073,0
388.40447860109964,13.727141733125833,11.534537022920055,0
391.7241749993996,14.590576006872752,10.888021064615225,0
395.0438713976996,15.575561690147001,10.15049073682881,0
398.3635677959996,16.486925128404327,9.468086731609041,0
401.68326419429957,17.275014844087746,8.877986716753028,0
405.00296059259955,18.13597669248511,8.23332204289776,0
408.32265699089953,19.098442409938333,7.512654049311482,0
411.6423533891995,18.289759065835977,7.020042458074583,0
414.9620497874995,17.307091710709702,6.421448047795693,0
418.2817461857995,16.264179580278746,5.786155373798398,0
421.60144258409946,15.47458396178302,5.305171120941532,0
424.92113898239944,14.419301848384439,4.662343239204775,0
428.2408353806994,13.733039406565481,4.244304663369127,0
431.5605317789994,12.899341524248491,3.7364554002253754,0
434.8802281772994,12.251780688950431,3.3419920100427056,0
438.19992457559937,11.61613253446676,2.9547852607871308,0
441.51962097389935,10.769482564405068,2.4390461992441814,0
444.83931737219933,9.914067097980494,1.917967612480647,0
448.1590137704993,8.92729965016547,1.3168756199300877,0
451.4787101687993,8.050846857733912,2.0446585567307363,0
454.7984065670993,7.480666983707857,2.5181206608014604,0
458.11810296539926,6.873812275812891,3.022036565157014,0
461.43779936369924,6.303398686863209,3.495692739843931,0
464.7574957619992,5.347957424017564,4.289065588009766,0
468.0771921602992,4.410895372770733,5.067176830862717,0
471.3968885585992,3.775448747882345,5.594834697703784,0
474.71658495689917,2.823720924382911,6.3851240052427265,0
478.03628135519915,1.8617361325118493,7.183930424745526,0
481.35597775349913,1.045724675767179,7.861524494364499,0
484.6756741517991,1.826171744767647,7.175186548335066,0
487.9953705500991,2.584710105142055,6.508115479811914,0
491.3150669483991,3.3242816532784,5.857724136886129,0
494.63476334669906,4.229744695380839,5.061445094774976,0
497.95445974499904,5.156729657482875,4.246239323416123,0
501.274156143299,6.046906437522574,3.4634032707444025,0
504.593852541599,6.850138997119555,2.757027390771144,0
507.913548939899,7.433233097045251,2.2442448808727784,0
511.23324533819897,8.125912370282123,1.6350913731795245,0
514.552941736499,8.161703813819086,2.6482540630940106,0
517.872638134799,8.197120588994094,3.65081086601674,0
521.192334533099,8.232871348935177,4.662821909130623,0
524.5120309313991,8.266193166957049,5.60607592304082,0
527.8317273296991,8.307271268889327,6.768890164028538,0
531.1514237279991,8.338723203986984,7.65921265503532,0
534.4711201262992,8.365621443843954,8.420631875785906,0
537.7908165245992,8.407300550296174,9.600458991804627,0
541.1105129228993,8.44959466500017,10.797695392085538,0
544.4302093211993,8.486744579302664,11.849312856632256,0
547.7499057194993,8.522034084359326,12.848266973473976,0
551.0696021177994,8.557028095486917,13.838856425623678,0
554.3892985160994,8.584808269566812,14.625240910731458,0
557.7089949143995,8.627042495543996,15.82078201689858,0
561.0286913126995,7.515433236583458,15.97272195436891,0
564.3483877109995,6.282839778405128,16.14119857639442,0
567.6680841092996,5.382059082688586,16.264321482648036,0
570.9877805075996,4.490572532706968,16.38617402171964,0
574.3074769058996,3.6345402706594436,16.50318050337643,0
577.6271733041997,2.6322403080815984,16.64017953645663,0
580.9468697024997,3.495905610292397,16.27692532105957,0
584.2665661007998,4.556138518791334,15.830995546725617,0
587.5862624990998,5.614696426291679,15.385770271196904,0
590.9059588973998,6.47527564577753,15.023814050006663,0
594.2256552956999,7.369957320775734,14.647514470702413,0
597.5453516939999,8.26440882169946,14.271311701704906,0
600.8650480923,9.330142354525307,13.82306838650165,0
604.1847444906,10.357096753620675,13.39113542180221,0
607.5044408889,11.473112563828124,12.9217435793027,0
610.8241372872001,12.610325138271154,12.443436461474144,0
614.1438336855001,13.756754461514905,11.961252815497998,0
617.4635300838002,14.852291027613813,11.500474462195669,0
620.7832264821002,16.003480957109378,11.016288524030188,0
624.1029228804002,16.78465368899157,10.687730357940769,0
627.4226192787003,17.647897769692136,10.324653306647459,0
630.7423156770003,18.492051794066573,9.96960545765611,0
634.0620120753003,19.306895578969506,9.626885379636995,0
637.3817084736004,18.301811382004953,10.123377236263742,0
640.7014048719004,17.52725787320109,10.50599145983247,0
644.0211012702005,16.804198055942443,10.863168810951048,0
647.3407976685005,16.04579787459723,11.237803607955449,0
650.6604940668005,14.966736138009226,11.770838916471353,0
653.9801904651006,13.8415046271664,12.326681186840846,0
657.2998868634006,13.015624968207728,12.734649520702847,0
660.6195832617007,12.134557792741516,13.16987940401135,0
663.9392796600007,11.25349684986231,13.605106208544262,0
667.2589760583007,10.47098801871651,13.991650205132546,0
670.5786724566008,9.807563017867189,14.319369127984038,0
673.8983688549008,8.795708885984775,14.819205199520106,0
677.2180652532008,7.769598712669257,15.326083475580575,0
680.5377616515009,6.964292603917951,15.723888879639572,0
683.8574580498009,6.019872896580248,16.190413669649303,0
687.177154448101,5.131631724351291,16.629187366484004,0
690.496850846401,4.160796787435826,16.43589540652543,0
693.816547244701,3.2738171704077454,16.259298930544265,0
697.1362436430011,2.330182904405662,16.07142258841434,0
700.4559400413011,1.2143379653969217,15.84925932762757,0
703.7756364396012,1.7399112534757062,16.42509668201421,0
707.0953328379012,1.7126296750517458,15.505615677704242,0
710.4150292362012,1.6862356172218054,14.616047104209441,0
713.7347256345013,1.6552976379711553,13.573333087056943,0
717.0544220328013,1.6306863757578585,12.743850725532608,0
720.3741184311014,1.602695485720214,11.800463532776224,0
723.6938148294014,1.5673921525271464,10.61062239692236,0
727.0135112277014,1.5441235589981843,9.826392488578787,0
730.3332076260015,1.5137425233159307,8.802449343978271,0
733.6529040243015,1.486388474446872,7.880525841781772,0
736.9726004226015,1.4596370498156408,6.978912804427454,0
740.2922968209016,1.4324678813224523,6.0632203930806305,0
743.6119932192016,1.40476833406257,5.129652432398438,0
746.9316896175017,1.3717176346163449,4.015732634661509,0
750.2513860158017,1.3424640172421114,3.0297872811721334,0
753.5710824141017,1.3196892382201664,2.262200583562145,0
756.8907788124018,1.2937809266975262,1.3890032953183469,0
760.2104752107018,1.0569000156417583,2.1368299576272682,0
763.5301716090019,1.1433365756711162,1.2156253932595908,0
766.8498680073019,1.8483659218767745,2.141056135347691,0
770.1695644056019,2.602406968758921,3.1308202768497946,0
773.489260803902,3.321311095253846,4.074463237037055,0
776.808957202202,3.8570607529780294,4.777695245732067,0
780.128653600502,4.355096884636829,5.431423986795344,0
783.4483499988021,4.809987484177729,6.028519338028054,0
786.7680463971021,5.382232932581511,6.779656198958623,0
790.0877427954022,5.894789193553905,7.452444251691991,0
793.4074391937022,6.390503807478347,8.103125738210135,0
796.7271355920022,6.8475573141620325,8.703060149650748,0
800.0468319903023,7.494073123223305,9.551685257486662,0
803.3665283886023,8.112643477205504,10.363628795440416,0
806.6862247869024,8.748411861953553,11.198146693539247,0
810.0059211852024,9.393420273099075,12.044793171153168,0
813.3256175835024,10.04553381271762,12.900765933340645,0
816.6453139818025,10.527191574331423,13.532996211642752,0
819.9650103801025,11.051060899031008,14.22063393980692,0
823.2847067784026,11.536881225569662,14.858328055278536,0
826.6044031767026,12.203747237082538,15.733665105046777,0
829.9240995750026,11.334986296842656,16.600110254997176,0
833.2437959733027,10.688103375867687,16.11920111949859,0
836.5634923716027,9.861089630844688,15.504378170447739,0
839.8831887699027,9.080406846128188,14.923998829885168,0
843.2028851682028,8.42467370250774,14.43651021488047,0
846.5225815665028,7.817126252762265,13.984844064240557,0
849.8422779648029,7.166445693203297,13.501111668103684,0
853.1619743631029,6.2525528088361,12.821700568028675,0
856.4816707614029,5.273625409310759,12.093941163417917,0
859.801367159703,4.490751536490744,11.511932912504653,0
863.121063558003,3.495793646376089,10.772256035471981,0
866.440759956303,2.8210561386934456,10.270639095239472,0
869.7604563546031,1.9294859395232362,9.60782324430771,0
873.0801527529031,1.2526835580871687,9.104671224666742,0
876.3998491512032,1.0879125779087908,7.948305141636263,0
879.7195455495032,1.6949970776052181,8.825464462276528,0
883.0392419478032,2.181245851464622,9.528031640904803,0
886.3589383461033,2.7366746177643564,10.330555045068737,0
889.6786347444033,3.2920473829602,11.13299753481257,0
892.9983311427034,3.7888978325143725,11.850882776502448,0
896.3180275410034,4.292783128972936,12.578932470644249,0
899.6377239393034,4.964226830618868,13.549082592214543,0
902.9574203376035,5.579441549726412,14.437989038236656,0
906.2771167359035,6.0693378456779525,15.145826418956993,0
909.5968131342036,6.7602638310146865,16.14412594433399,0
912.9165095325036,7.829199617263586,16.523439656912867,0
916.2362059308036,8.381055215242341,15.5901917263037,0
919.5559023291037,8.758711303017002,14.951534143253824,0
922.8755987274037,9.380461205778671,13.900087329569212,0
926.1952951257038,9.926405765977991,12.976835607742949,0
929.5149915240038,10.521342739719005,11.970732377803337,0
932.8346879223038,10.920803057669593,11.295201466359693,0
936.1543843206039,11.532342287088898,10.261022013560408,0
939.4740807189039,12.033156432225885,9.414090739725825,0
942.793777117204,12.519427334598719,8.591753673621861,0
946.113473515504,13.15076253885885,7.524097070962617,0
949.433169913804,13.73520071557639,6.535748450438819,0
952.7528663121041,14.19392558962389,5.7599947188616305,0
956.0725627104041,14.703739610692752,4.897843674456768,0
959.3922591087041,15.244505069849524,3.9833503766604093,0
962.7119555070042,15.788718319161992,3.063026490138009,0
966.0316519053042,16.3121677781396,2.177816434901517,0
969.3513483036043,16.689932368473254,1.5389753622050413,0
972.6710447019043,16.455911678401293,2.3965857950039693,0
975.9907411002043,16.21101175464118,3.2940651142203574,0
979.3104374985044,15.922532953458935,4.351246979033871,0
982.6301338968044,15.724243510488785,5.077913903025919,0
985.9498302951044,15.444299384040688,6.103818934623105,0
989.2695266934045,15.233364446012484,6.876827523902781,0
992.5892230917045,14.979467196611624,7.807279142852248,0
995.9089194900046,14.747088291228385,8.658872963713891,0
999.2286158883046,14.491559225794084,9.595304662690719,0
1002.5483122866046,14.275894885261664,10.385644988438973,0
1005.8680086849047,14.047816464762382,11.221478917722477,0
1009.1877050832047,13.725807867033154,12.40153668431833,0
1012.5074014815048,13.506855500577196,13.203926565746773,0
1015.8270978798048,13.242452462189844,14.17287851659779,0
1019.1467942781048,12.97854724571516,15.140006110526143,0
1022.4664906764049,12.679091753101723,16.237414012986623,0
1025.786187074705,12.989810266990126,15.36536864026365,0
1029.105883473005,13.308869870219006,14.469913628147761,0
1032.425579871305,13.666567325391267,13.466019760626935,0
1035.745276269605,13.935731382931639,12.710598823702258,0
1039.064972667905,14.25027814135456,11.827809311886314,0
1042.384669066205,14.51007524742593,11.098677142189711,0
1045.7043654645051,14.927881046970246,9.92608652430236,0
1049.0240618628052,15.310551015264624,8.852106184492257,0
1052.3437582611052,15.724399379035864,7.690622286673086,0
1055.6634546594053,15.974682078742205,6.98819272294932,0
1058.9831510577053,16.234985711443787,6.257638963665047,0
1062.3028474560053,16.507775745386724,5.492041562184434,0
1065.6225438543054,16.82372279632909,4.605322066935066,0
1068.9422402526054,17.118232080129292,3.7787686216705776,0
1072.2619366509055,17.488730064930074,2.7389494966191874,0
1075.5816330492055,17.790561698771008,1.8918455492601471,0
1078.9013294475055,18.635949339437584,1.0435889608886835,0
1082.2210258458056,18.940933538333276,1.8701411788409226,0
1085.5407222441056,19.230171786521172,2.6540195450709385,0
1088.8604186424056,19.54685898831503,3.5122886291336375,0
1092.1801150407057,19.296366383503063,2.6889751490532827,0
1095.4998114390057,19.04924836459234,1.8767531822903405,0
1098.8195078373058,17.878457850360657,2.1445747753137114,0
1102.1392042356058,16.710477662368447,2.411753498377665,0
1105.4589006339058,15.777171973228693,2.625249775811392,0
1108.7785970322059,15.000094811858416,2.8030083421223275,0
1112.098293430506,13.86454917968102,3.062767570151313,0
1115.417989828806,12.761481507585446,3.3150973742982894,0
1118.737686227106,11.796370753102893,3.5358691490671745,0
1122.057382625406,10.781295252071109,3.7680704988566656,0
1125.377079023706,9.842179217235824,3.982895909061182,0
1128.696775422006,8.93528033452496,4.190351555930794,0
1132.0164718203062,7.792544229145689,4.4517556247439405,0
1135.3361682186062,6.71384070936595,4.698512061147864,0
1138.6558646169062,5.628939150248226,4.946686316323756,0
1141.9755610152063,4.587550893884447,5.184906782226836,0
1145.2952574135063,3.747020417993147,5.377180471073407,0
1148.6149538118063,2.812880180192645,5.590867653839096,0
1151.9346502101064,1.8255226827324793,5.8167284330638775,0
1155.2543466084064,1.315882238257978,4.982177585214654,0
1158.5740430067065,2.205383652700868,5.86539937348907,0
1161.8937394050065,3.0664092925827005,6.720346418045323,0
1165.2134358033065,3.7399818791845862,7.389163774388423,0
1168.5331322016066,4.480767273757385,8.124719435457203,0
1171.8528285999066,5.089748690787993,8.729401617455235,0
1175.1725249982067,5.79368578424655,9.42836911590105,0
1178.4922213965067,6.417937765108663,10.048214055907362,0
1181.8119177948067,7.239021651765997,10.86350132461958,0
1185.1316141931068,7.961070030744717,11.580452248077806,0
1188.4513105914068,8.79716238815749,12.410642032024569,0
1191.7710069897068,9.53356911849035,13.141849940973502,0
1195.090703388007,10.412832674012419,14.014906146689725,0
1198.410399786307,10.959194314000843,14.557410629403059,0
1201.730096184607,11.809598425879397,15.401811130912904,0
1205.049792582907,12.635225005380242,16.221609022353405,0
1208.369488981207,11.599432958019433,16.135050489029666,0
1211.689185379507,10.519499099200736,16.044803135669333,0
1215.0088817778071,9.48073547418146,15.957996275082964,0
1218.3285781761072,8.455401979989537,15.872311736713419,0
1221.6482745744072,7.271700412714438,15.773392777239449,0
1224.9679709727072,6.052735033163026,15.671526909766119,0
1228.2876673710073,4.830875866072641,15.569419215754573,0
1231.6073637693073,4.028152052709092,15.50233760789146,0
1234.9270601676074,2.83543046626563,15.402664868127562,0
1238.2467565659074,1.5855982552765044,15.29821953727217,0
1241.5664529642074,1.153502607088778,16.22648016443707,0
1244.8861493625075,2.165070374048681,16.101002328828486,0
1248.2058457608075,3.311546457563571,15.95879006956602,0
1251.5255421591075,4.489643806862141,15.812655415660963,0
1254.8452385574076,5.6121130136531505,15.673421039867527,0
1258.1649349557076,6.385083743457649,15.577539481228953,0
1261.4846313540077,7.489237063191369,15.440577061838505,0
1264.8043277523077,8.446145452756786,15.321879335872783,0
1268.1240241506077,9.34556848497101,15.21031226240036,0
1271.4437205489078,10.578888415297204,15.057327637420315,0
1274.7634169472078,11.586473972638517,14.932343766783925,0
1278.0831133455079,12.446577094181945,14.825654050467831,0
1281.402809743808,13.238753062152796,14.727390217703714,0
1284.722506142108,14.166930461093884,14.612256368164447,0
1288.042202540408,15.330830230030069,14.467882823809278,0
1291.361898938708,16.10083492156905,14.372369181264956,0
1294.681595337008,17.066407211685924,14.252596759639058,0
1298.001291735308,18.193484297082513,14.11279080905542,0
1301.3209881336081,19.080403075340975,14.002774799954082,0
1304.6406845319082,18.293127648773655,14.694810478917146,0
1307.9603809302082,17.443326241543726,15.44180812928245,0
1311.2800773285082,16.623215727203792,16.162706708691434,0
1314.5997737268083,15.87232733220066,16.56948120470336,0
1317.9194701251083,15.066989151850983,15.861869666987914,0
1321.2391665234084,14.255116758095458,15.148516833368843,0
1324.5588629217084,13.424157978226763,14.418393719442054,0
1327.8785593200084,12.511757543829127,13.616711779916944,0
1331.1982557183085,11.715040333419111,12.916675069701856,0
1334.5179521166085,10.87581354411379,12.179287257522768,0
1337.8376485149086,10.291948521167328,11.666273424593573,0
1341.1573449132086,9.471499608848372,10.945384820739097,0
1344.4770413115086,8.855337871526851,10.403993433783878,0
1347.7967377098087,8.059693310698142,9.704899208649193,0
1351.1164341081087,7.48371560685788,9.198815579871956,0
1354.4361305064087,6.730414904657188,8.53692684635269,0
1357.7558269047088,5.989852189782343,7.886230363516397,0
1361.0755233030088,5.238928761697685,7.226430425280731,0
1364.3952197013089,4.478056948343976,6.55788932417736,0
1367.714916099609,3.8938150038715627,6.044544308613236,0
1371.034612497909,3.1167031657661814,5.361733886661226,0
1374.354308896209,2.4163451953206425,4.746363359706876,0
1377.674005294509,1.8192445571789935,4.221720034659464,0
1380.993701692809,1.032317236174575,3.5302852246962066,0
1384.313398091109,1.9804497770240395,3.188145822804728,0
1387.6330944894091,2.863796294501911,2.8693848520210192,0
1390.9527908877092,3.5665877545188733,2.6157782733783197,0
1394.2724872860092,4.465267192164476,2.291484324968153,0
1397.5921836843092,5.596034903100108,1.8834399096260808,0
1400.9118800826093,6.746722884003281,1.4682071435433985,0
1404.2315764809093,7.5209996019409715,1.1888046742047174,0
1407.5512728792094,6.994520227040743,1.9644778347637275,0
1410.8709692775094,6.462980452790143,2.747606588352449,0
1414.1906656758094,5.818529887968116,3.697089189706533,0
1417.5103620741095,5.177747548365432,4.641167317523416,0
1420.8300584724095,4.707803251074817,5.333546156552341,0
1424.1497548707096,4.198220863204081,6.084324629953711,0
1427.4694512690096,3.647745341038704,6.89535182008686,0
1430.7891476673096,3.1091042958767217,7.68894302579512,0
1434.1088440656097,2.629623513071424,8.395372169949864,0
1437.4285404639097,2.1032781703814294,9.170847858028308,0
1440.7482368622098,1.6751774275939006,9.801577706198696,0
1444.0679332605098,1.3147476533670408,8.637696421994502,0
1447.3876296588098,1.0263705302228345,7.706483851833927,0
1450.7073260571099,2.071657574611894,7.361294533303236,0
1454.02702245541,2.9316215260314036,7.077305200473648,0
1457.34671885371,3.828685743836834,6.781064098391004,0
1460.66641525201,4.753566352503501,6.475637078376138,0
1463.98611165031,5.5893325275086525,6.1996386739668985,0
1467.30580804861,6.357891103598598,5.945834503566541,0
1470.62550444691,7.396440862577055,5.602870065724954,0
1473.9452008452101,8.142704205582985,5.356428539256773,0
1477.2648972435102,8.87997786802177,5.1129557109327415,0
1480.5845936418102,9.840511765333648,4.795754762907496,0
1483.9042900401103,10.64445359171926,4.530265840340234,0
1487.2239864384103,11.719644339427953,4.175201302341495,0
1490.5436828367103,12.574276835295635,3.8929725973878493,0
1493.8633792350104,13.425010780754057,3.612031326317798,0
1497.1830756333104,14.350974139637735,3.3062467453711712,0
1500.5027720316104,15.192800157118365,3.028247174960935,0
1503.8224684299105,15.937876766097423,2.7821975484136536,0
1507.1421648282105,16.932454877724997,2.4537540434251044,0
1510.4618612265106,18.06821361947894,2.078687894671235,0
1513.7815576248106,18.856263714384152,1.818446962107712,0
1517.1012540231106,19.569571835767505,1.58288837019324,0
1520.4209504214107,19.287361914898213,2.603852216355922,0
1523.7406468197107,19.01709772585916,3.581599437542905,0
1527.0603432180108,18.695033499614954,4.746746042328585,0
1530.3800396163108,18.38644867359048,5.863127599273598,0
1533.6997360146108,18.174299251171515,6.630630349024115,0
1537.0194324129109,17.872421383205523,7.722747834478136,0
1540.339128811211,17.571488757440843,8.811445673626189,0
1543.658825209511,17.25017203935312,9.973887983679317,0
1546.978521607811,16.933922716463442,11.117997744417794,0
1550.298218006111,16.618857481418452,12.257823775950769,0
1553.617914404411,16.341408043300333,13.261565404112542,0
1556.937610802711,16.093691043531365,14.157742618807774,0
1560.2573072010111,15.838235785830616,15.081914886108864,0
1563.5770035993112,15.639898301877345,15.79944954906973,0
1566.8966999976112,16.4983710079293,16.230984471831725,0
1570.2163963959113,15.835891583274464,15.378035020773265,0
1573.5360927942113,15.170900477295234,14.521851752743066,0
1576.8557891925113,14.577658358069206,13.758046084057979,0
1580.1754855908114,13.855064600704909,12.827698777040451,0
1583.4951819891114,13.392499800490464,12.232141575203668,0
1586.8148783874115,12.726647526531767,11.374849544051147,0
1590.1345747857115,12.244380523649122,10.753925542393763,0
1593.4542711840115,11.498473031861407,9.793561549214338,0
1596.7739675823116,10.998741050026496,9.150151197557719,0
1600.0936639806116,10.231059161291292,8.161752431927564,0
1603.4133603789116,9.754250374649963,7.547855942934769,0
1606.7330567772117,9.221770835546929,6.862282755790985,0
1610.0527531755117,8.750433060400862,6.255430253491133,0
1613.3724495738118,8.102793402729791,5.421587163523405,0
1616.6921459721118,7.458781485342038,4.592414828552864,0
1620.0118423704118,6.875221234281838,3.8410746702367473,0
1623.3315387687119,6.255537648248758,3.0432253259914637,0
1626.651235167012,5.530966811410302,2.110332507687964,0
1629.970931565312,4.788354549114606,1.1542111582522234,0
1633.290627963612,5.2786591125077305,1.9158306626787012,0
1636.610324361912,5.930699793626879,2.9286845855203105,0
1639.930020760212,6.571139051448276,3.9235173212827577,0
1643.249717158512,7.031966631358796,4.63934845817571,0
1646.5694135568122,7.494765379709809,5.3582415293088825,0
1649.8891099551122,8.022743353066923,6.178381402438973,0
1653.2088063534122,8.639100011144599,7.135805190678716,0
1656.5285027517123,9.124120354939615,7.889216399665844,0
1659.8481991500123,9.57022540465504,8.582178146819707,0
1663.1678955483123,10.015150680666427,9.273307280673814,0
1666.4875919466124,10.427854168456582,9.914384377061745,0
1669.8072883449124,10.90216574656311,10.6511610176079,0
1673.1269847432125,11.5165846328637,11.605574748649028,0
1676.4466811415125,11.94655313210592,12.273470623502003,0
1679.7663775398125,12.500407857678583,13.1338064088671,0
1683.0860739381126,13.097833165309643,14.061822994274603,0
1686.4057703364126,13.592343173000202,14.82997506772214,0
1689.7254667347127,14.054058070148134,15.547184527733176,0
1693.0451631330127,14.5166047645676,16.265686068367213,0
1696.3648595313127,13.739114663365436,15.929992102500092,0
1699.6845559296128,12.664221504979661,15.465889541369052,0
1703.0042523279128,11.783548369169695,15.085644626179052,0
1706.3239487262128,10.927141773812771,14.715877183551033,0
1709.643645124513,10.164405190303917,14.386553288321853,0
1712.963341522813,9.161160410244149,13.953386077018438,0
1716.283037921113,8.046612601631846,13.472161977260688,0
1719.602734319413,7.361678998615998,13.176430781202335,0
1722.922430717713,6.290111531196109,12.713764141104708,0
1726.242127116013,5.425384588009032,12.340404253304486,0
1729.5618235143131,4.641606641276527,12.001995408110187,0
1732.8815199126132,3.5323607892394193,11.523060514127316,0
1736.2012163109132,2.623114383621022,11.130478626100038,0
1739.5209127092132,1.5134646009268795,10.65136932850227,0
1742.8406091075133,2.0702192514493927,10.155440157042436,0
1746.1603055058133,2.7305342875404883,9.567264578367345,0
1749.4800019041134,3.3392501113332598,9.025050994942895,0
1752.7996983024134,4.039632912447138,8.401185056984145,0
1756.1193947007134,4.915211427158358,7.621263547677941,0
1759.4390910990135,5.548720973462353,7.0569649574181526,0
1762.7587874973135,6.422669961302682,6.278494949074165,0
1766.0784838956135,7.089593064900888,5.684433234664642,0
1769.3981802939136,7.855965083810318,5.001787404924267,0
1772.7178766922136,8.645238461146993,4.298742191542517,0
1776.0375730905137,9.243545681695842,3.7658000708314328,0
1779.3572694888137,9.797364726771207,3.2724857897470474,0
1782.6769658871137,10.478660996873428,2.66562117813873,0
1785.9966622854138,11.134247565035437,2.081657481987019,0
1789.3163586837138,11.958449038546625,1.347500069039017,0
1792.6360550820139,11.03866652803364,1.3393676696132533,0
1795.955751480314,10.039863622647054,1.3305365991358564,0
1799.275447878614,8.96206157887873,1.3210070455493894,0
1802.595144276914,8.161000453581591,1.3139243396260785,0
1805.914840675214,7.107557213822765,1.3046101581753882,0
1809.234537073514,6.2585809819007405,1.297103803420807,0
1812.554233471814,5.188889591444392,1.2876459614309217,0
1815.8739298701141,4.416391276457256,1.280815798015767,0
1819.1936262684142,3.5262996023079753,1.2729459147151032,0
1822.5133226667142,2.4006196297838254,1.2629930410112495,0
1825.8330190650142,1.3482591168295797,1.2536884326571807,0
1829.1527154633143,2.3708664745269283,1.9765925918504712,0
1832.4724118616143,3.095314979308806,2.488721546611206,0
1835.7921082599144,3.875465858138531,3.0402277634002535,0
1839.1118046582144,4.537392274740584,3.508158446706714,0
1842.4315010565144,5.30449895029372,4.050443422585427,0
1845.7511974548145,5.935493228057534,4.496507480690541,0
1849.0708938531145,6.650155708456102,5.001718474539483,0
1852.3905902514146,7.334679169497665,5.485623517200819,0
1855.7102866497146,8.083031711994868,6.01465077428243,0
1859.0299830480146,8.689539752844588,6.443404960348241,0
1862.3496794463147,9.49849314647593,7.01527232317109,0
1865.6693758446147,10.331106452329248,7.603865410508505,0
1868.9890722429147,11.274903149175156,8.271056539583798,0
1872.3087686412148,12.047599209829603,8.817292777603013,0
1875.6284650395148,12.764086940225594,9.323794081759987,0
1878.9481614378149,13.585619773802298,9.904554133832892,0
1882.267857836115,14.326008653179752,10.42795169819975,0
1885.587554234415,15.119585941433748,10.988949346028072,0
1888.907250632715,15.877660309531539,11.524849180456908,0
1892.226947031015,16.61338431874417,12.044949043101923,0
1895.546643429315,17.35228574192166,12.567295091199629,0
1898.866339827615,18.011958741430043,13.03363278324004,0
1902.1860362259151,18.87276622250969,13.642156967672271,0
1905.5057326242152,18.187077685385344,14.567651182499747,0
1908.8254290225152,17.477187401132994,15.525811215323275,0
1912.1451254208152,16.830195074389753,16.399076003954338,0
1915.4648218191153,16.734611532884482,15.493514592760977,0
1918.7845182174153,16.642564869481845,14.621461673462749,0
1922.1042146157154,16.512707616833374,13.391190069061494,0
1925.4239110140154,16.40149940309338,12.337600032693874,0
1928.7436074123154,16.281507173290308,11.200789958056525,0
1932.0633038106155,16.19793075694051,10.408984419777392,0
1935.3830002089155,16.08049235491037,9.296369387985047,0
1938.7026966072156,16.00108706735114,8.544081252120286,0
1942.0223930055156,15.886555329938853,7.459004050290712,0
1945.3420894038156,15.756605124787756,6.2278518110214875,0
1948.6617858021157,15.670528697325711,5.412361090595366,0
1951.9814822004157,15.577341320658311,4.529501018752487,0
1955.3011785987158,15.49739710728078,3.772107083114418,0
1958.6208749970158,15.380190320523786,2.661686381541534,0
1961.9405713953158,15.281175698696405,1.7236188098787117,0
1965.2602677936159,16.046025815898783,1.0791003542810365,0
1968.579964191916,15.185930620379914,1.0991568105870722,0
1971.899660590216,14.197305551748794,1.122210439528796,0
1975.219356988516,13.283847652271827,1.1435112543033867,0
1978.539053386816,12.257115873274396,1.1674534890359705,0
1981.858749785116,11.355017895592693,1.188489403161989,0
1985.178446183416,10.35786430785184,1.2117419076139713,0
1988.4981425817161,9.293465395751372,1.2365624976881389,0
1991.8178389800162,8.471290047625974,1.2557347056384796,0
1995.1375353783162,7.707718279345628,1.2735403437664756,0
1998.4572317766163,6.846634939488502,1.2936198424913592,0
2001.7769281749163,5.7791400455658986,1.318512627392871,0
2005.0966245732163,4.6996207465852,1.3436858079481546,0
2008.4163209715164,3.93856287730235,1.3614328247681098,0
2011.7360173698164,2.9830259688726914,1.3837148748860184,0
2015.0557137681164,1.910127378001528,1.4087336679460507,0
2018.3754101664165,1.0119135793267906,1.4296790073694738,0
2021.6951065647165,2.249282394336486,1.5466492916367027,0
2025.0148029630166,3.2365411180553822,1.6399763030805752,0
2028.3344993613166,4.155213387542006,1.7268197366686673,0
2031.6541957596166,5.0032759623014815,1.8069883325171383,0
2034.9738921579167,6.143943603573863,1.9148173133638993,0
2038.2935885562167,6.891052431045,1.9854426037929054,0
2041.6132849545168,7.8857166739725395,2.0794696698013295,0
2044.9329813528168,9.104609268624067,2.1946933699286775,0
2048.2526777511166,10.151517070091183,2.293659095954534,0
2051.5723741494166,11.243152413727156,2.3968529819748903,0
2054.8920705477167,12.30009227370411,2.4967670531678845,0
2058.2117669460167,13.06411235530156,2.568990989189438,0
2061.5314633443168,14.307798039906881,2.6865584163806813,0
2064.851159742617,15.245870892725124,2.7752358154928127,0
2068.170856140917,16.15236425044612,2.8609279587348007,0
2071.490552539217,16.92880636265091,2.9343261674822307,0
2074.810248937517,18.07181543773334,3.04237648749241,0
2078.129945335817,19.104526190657253,3.140000145750185,0
2081.449641734117,19.39220894526345,4.322701936365551,0
2084.769338132417,18.68192193070353,3.3165120259091996,0
2088.089034530717,18.244186353305547,2.696417455127097,0
2091.408730929017,17.63088177618043,1.8276125003830868,0
2094.728427327317,17.080918274762148,1.0485362749938645,0
2098.048123725617,17.92080065467882,1.6214121291203454,0
2101.367820123917,18.65597584023826,2.122868193006031,0
2104.6875165222173,19.62670119088437,2.784990804065915,0
2108.0072129205173,18.672305192311885,3.462911275047675,0
2111.3269093188173,17.811361547980244,4.0744512665470545,0
2114.6466057171174,17.08452144591776,4.590735686280201,0
2117.9663021154174,16.401392396670925,5.0759715501138905,0
2121.2859985137175,15.459980376342546,5.744669324584322,0
2124.6056949120175,14.52931983725965,6.405730175554875,0
2127.9253913103175,13.79928611413008,6.924283067810089,0
2131.2450877086176,12.783713206573317,7.645658330108937,0
2134.5647841069176,11.875668950683622,8.290654527228128,0
2137.8844805052177,11.190146624226593,8.777590368446416,0
2141.2041769035177,10.307554109617431,9.404507847232741,0
2144.5238733018177,9.5056481100298,9.97411259592895,0
2147.8435697001178,8.823799669613232,10.458438825876229,0
2151.163266098418,8.074654594965416,10.990566771297766,0
2154.482962496718,7.159621984730849,11.640526891647932,0
2157.802658895018,6.443763203121609,12.149011129962881,0
2161.122355293318,5.635040508545761,12.723457869912053,0
2164.442051691618,4.732067199444594,13.364852104491225,0
2167.761748089918,3.922271995247434,13.940060662625616,0
2171.081444488218,3.0680502480997913,14.546825999042952,0
2174.401140886518,2.243803209596364,15.13229989183309,0
2177.720837284818,1.2559653150604526,15.833974596797349,0
2181.040533683118,1.6199275894937164,14.965781697646934,0
2184.360230081418,1.9230960476141004,14.242605915221827,0
2187.6799264797182,2.362767477899892,13.193816959476845,0
2190.9996228780183,2.7122742886852396,12.360106015668064,0
2194.3193192763183,3.081328481657045,11.47976689195331,0
2197.6390156746183,3.4587862151022684,10.579382025371096,0
2200.9587120729184,3.918165151104841,9.483582932243284,0
2204.2784084712184,4.285217634894024,8.608018670706823,0
2207.5981048695185,4.695581863574623,7.629138895431762,0
2210.9178012678185,5.148746458260885,6.548163445804143,0
2214.2374976661185,5.598737760474167,5.47475754441132,0
2217.5571940644186,6.0518464319735905,4.393915493537148,0
2220.8768904627186,6.392124080163489,3.58221972545764,0
2224.1965868610187,6.871342087068157,2.439096660333661,0
2227.5162832593187,7.288071966994019,1.4450323079806329,0
2230.8359796576187,7.726845044427235,2.2344719302236644,0
2234.155676055919,8.101954316016103,2.9093677633848176,0
2237.475372454219,8.480576378940711,3.590583803522498,0
2240.795068852519,8.97872946524097,4.486859816099714,0
2244.114765250819,9.380738278216064,5.210153249028563,0
2247.434461649119,9.763798445184753,5.89935431687243,0
2250.754158047419,10.360353971084386,6.972675797233492,0
2254.073854445719,10.854018413303324,7.860875850573025,0
2257.393550844019,11.352745812089045,8.758185164997803,0
2260.713247242319,11.722441501579127,9.42334089233467,0
2264.032943640619,12.138936897653782,10.172698555905498,0
2267.352640038919,12.582657292597228,10.971039381680065,0
2270.672336437219,13.054169604704123,11.819383367892986,0
2273.9920328355192,13.64997952259568,12.891363351853037,0
2277.3117292338193,14.102675169302078,13.70585243221681,0
2280.6314256321193,14.567715642009011,14.542552298236641,0
2283.9511220304194,15.12285559118362,15.541358957779517,0
2287.2708184287194,15.511543549768673,16.240685536772965,0
2290.5905148270194,15.834059988077637,15.089316175433018,0
2293.9102112253195,16.11047109055045,14.102540815423259,0
2297.2299076236195,16.358619760424386,13.216661084615854,0
2300.5496040219195,16.614247893815183,12.304080001227081,0
2303.8693004202196,16.825950184633395,11.548312225012014,0
2307.1889968185196,17.118614827894262,10.503512446232238,0
2310.5086932168197,17.447681996454985,9.328757268820949,0
2313.8283896151197,17.725127445783702,8.338289336472467,0
2317.1480860134197,17.980926396662518,7.425098442237722,0
2320.46778241172,18.28614628703988,6.335476988848805,0
2323.78747881002,18.556442360653584,5.370532010288768,0
2327.10717520832,18.848373549908498,4.328350629736491,0
2330.42687160662,19.176155594851416,3.1581832865665653,0
2333.74656800492,19.498430766125487,2.007675237826166,0
2337.06626440322,18.44688408505076,1.3631752448902197,0
2340.38596080152,17.33381396962287,1.3533869669410175,0
2343.70565719982,16.487796915280917,1.34594713906056,0
2347.02535359812,15.476627530701856,1.3370549705863586,0
2350.34504999642,14.399174738846032,1.3275799094400313,0
2353.66474639472,13.179747818396777,1.3168563355423453,0
2356.98444279302,12.11559948123401,1.3074982730456925,0
2360.3041391913202,11.101787743946414,1.2985828678657414,0
2363.6238355896203,10.342445715932932,1.2919052554443087,0
2366.9435319879203,9.222939740263811,1.2820603808908042,0
2370.2632283862204,8.477201504288272,1.2755023994753474,0
2373.5829247845204,7.567591796513974,1.2675033412654657,0
2376.9026211828204,6.343058339999306,1.256734860767851,0
2380.2223175811205,5.137318028639406,1.2461316461647787,0
2383.5420139794205,4.151656228984606,1.2374637900026149,0
2386.8617103777206,3.3746733254925942,1.2306310446833908,0
2390.1814067760206,2.5123423159710803,1.2230477527699537,0
2393.5011031743206,1.7125888143512142,1.2160147640514545,0
2396.8207995726207,2.1656448205268,2.0453347746344503,0
2400.1404959709207,2.6879203691701257,3.0013613091557874,0
2403.4601923692207,3.0551833930751333,3.673637077978951,0
2406.779888767521,3.632975262860229,4.731286359819034,0
2410.099585165821,4.085102722590939,5.558906664103041,0
2413.419281564121,4.677247914634939,6.6428297337428655,0
2416.738977962421,5.223464679230385,7.642680716447519,0
2420.058674360721,5.806997568744519,8.710838947462857,0
2423.378370759021,6.282118383669439,9.580548638738922,0
2426.698067157321,6.872606744887518,10.661438875926782,0
2430.017763555621,7.425809321359469,11.674077402556211,0
2433.337459953921,7.95715336809072,12.64670384266921,0
2436.657156352221,8.34276427238299,13.352565446686096,0
2439.976852750521,8.82184906210989,14.229531202510294,0
2443.296549148821,9.344360821329579,15.185990121008487,0
2446.6162455471213,9.776237052852496,15.976540507748798,0
2449.9359419454213,10.77901660922945,15.497192304149614,0
2453.2556383437213,11.85776108150944,14.981531387808015,0
2456.5753347420214,12.671266368224314,14.592659980004177,0
2459.8950311403214,13.6114507588302,14.143233487588219,0
2463.2147275386214,14.46655790679144,13.734475577982453,0
2466.5344239369215,15.186296415443902,13.39042652055031,0
2469.8541203352215,15.87945515299371,13.05908311257932,0
2473.1738167335216,16.9712614577892,12.537178385310183,0
2476.4935131318216,17.641135483450952,12.216965524171629,0
2479.8132095301216,18.441498593363924,11.834376333432662,0
2483.1329059284217,19.470678046682973,11.342408463732468,0
2486.4526023267217,18.704899229012835,11.128915723539793,0
2489.7722987250218,17.911370895644406,10.907686650076013,0
2493.091995123322,17.089659421668568,10.67860035233719,0
2496.411691521622,16.275796330128944,10.451702118088404,0
2499.731387919922,15.490572809700673,10.232788357128012,0
2503.051084318222,14.311737327863709,9.904138867945958,0
2506.370780716522,13.54226859597976,9.689617410480873,0
2509.690477114822,12.605770044775195,9.428529434070878,0
2513.010173513122,11.78424823113682,9.199496012050496,0
2516.329869911422,10.858494850109903,8.941403699364972,0
2519.649566309722,10.142983922573643,8.741925227209949,0
2522.969262708022,9.0599823096853,8.439993420487898,0
2526.288959106322,7.9295902893273285,8.124849563868306,0
2529.608655504622,6.833372152200522,7.819233100545179,0
2532.9283519029223,5.896385011645591,7.5580089095039735,0
2536.2480483012223,5.021862129232042,7.314199232062504,0
2539.5677446995223,4.089945500383565,7.05438865734681,0
2542.8874410978224,2.9533663483543133,6.737519880079173,0
2546.2071374961224,2.180653733238473,6.522094055055125,0
2549.5268338944225,1.432542370637285,6.3135268538142535,0
2552.8465302927225,1.5073097697073357,7.135820909089395,0
2556.1662266910225,1.5765170714702212,7.896964850554245,0
2559.4859230893226,1.6824453913053303,9.061967629426961,0
2562.8056194876226,1.7947392208620587,10.296978471546327,0
2566.1253158859226,1.8986832309153627,11.440157753043216,0
2569.4450122842227,1.9759001716652,12.289391939799328,0
2572.7647086825227,2.058854206712286,13.201722858471452,0
2576.0844050808228,2.1383850305052294,14.07640519903007,0
2579.404101479123,2.234470532094062,15.133156373169502,0
2582.723797877423,2.335890974129628,16.248581379342138,0
2586.043494275723,3.127892474379346,16.196535038754572,0
2589.363190674023,4.15747666652053,16.12887596296891,0
2592.682887072323,4.989974397294531,16.074168414535503,0
2596.002583470623,5.95415338730616,16.01080743846955,0
2599.322279868923,6.816295017145439,15.954151842631425,0
2602.641976267223,7.67864350238376,15.89748265330068,0
2605.961672665523,8.766793263338808,15.82597494397047,0
2609.281369063823,9.879365747220998,15.752862296574941,0
2612.601065462123,10.91802170779769,15.684607069961814,0
2615.920761860423,11.900359033593318,15.620052819731077,0
2619.2404582587233,12.883182964598914,15.555466592262315,0
2622.5601546570233,13.99947241973552,15.482109684279147,0
2625.8798510553233,14.932234755924771,15.420813252111715,0
2629.1995474536234,15.783739568104393,15.364856654235727,0
2632.5192438519234,16.89835163946939,15.291609975446626,0
2635.8389402502235,17.913678300258404,15.224887832649673,0
2639.1586366485235,19.053615414427185,15.149976919887854,0
2642.4783330468235,18.69556598401548,15.962983370165647,0
2645.7980294451236,17.643665642599405,16.415124275357734,0
2649.1177258434236,18.842386163272256,16.253672493073655,0
2652.4374222417237,18.9974005106601,15.31178138020598,0
2655.7571186400237,19.16289028926509,14.306239929591184,0
2659.0768150383237,19.28284206009822,13.577394446419323,0
2662.3965114366238,19.48178788610482,12.368568885331731,0
2665.716207834924,19.338659516584393,13.562818261210746,0
2669.035904233224,19.214782826301647,14.596433473567492,0
2672.355600631524,19.09384714901467,15.605509155805793,0
2675.675297029824,18.979396220087157,16.560476720226703,0
2678.994993428124,19.466131571842464,15.99263543242027,0
2682.314689826424,18.69795926459005,16.048479728497306,0
2685.634386224724,17.921020803207213,16.104961303088672,0
2688.954082623024,17.0573288783,16.16774964773283,0
2692.273779021324,15.85407340955093,16.255223452787682,0
2695.593475419624,14.828367381555237,16.329789836624492,0
2698.913171817924,13.659569350458343,16.414758668078843,0
2702.2328682162242,12.786168977306755,16.4782527937738,0
2705.5525646145243,11.934485778053824,16.540168132681337,0
2708.8722610128243,10.958495658600663,16.61112028844695,0
2712.1919574111243,10.191145709073655,15.957884498593938,0
2715.5116538094244,9.572925403051597,15.431600981984053,0
2718.8313502077244,8.799781662124916,14.773433007143549,0
2722.1510466060245,8.120701459593121,14.195340192062458,0
2725.4707430043245,7.265059464866924,13.466942445244463,0
2728.7904394026245,6.335042210660596,12.675229933889149,0
2732.1101358009246,5.637940671690221,12.081795771682252,0
2735.4298321992246,4.934549917656259,11.483007676276884,0
2738.7495285975247,4.154050659055301,10.818578037640485,0
2742.0692249958247,3.54938777637127,10.303835792582188,0
2745.3889213941247,2.650182848999998,9.538353444752282,0
2748.708617792425,1.7182429052861332,8.745004170926505,0
2752.028314190725,2.4023956730664024,9.609616826271372,0
2755.348010589025,2.9600368756086732,10.314347792169663,0
2758.667706987325,3.7272104514259032,11.283879764757968,0
2761.987403385625,4.401579920539311,12.136128567705029,0
2765.307099783925,4.893587575587482,12.757913737794155,0
2768.626796182225,5.6093930177572195,13.662528135646678,0
2771.946492580525,6.288550061000784,14.520827337534264,0
2775.266188978825,6.804006700096625,15.172246661451892,0
2778.585885377125,7.508505605584799,16.062572182370218,0
2781.905581775425,6.720858765859181,16.38309627997523,0
2785.225278173725,7.083762258495529,15.380114642634798,0
2788.5449745720252,7.409931597123029,14.47865774308748,0
2791.8646709703253,7.6861818535961355,13.715165684798704,0
2795.1843673686253,8.004457717591439,12.835524530405536,0
2798.5040637669254,8.408455989787585,11.718966390977444,0
2801.8237601652254,8.710022173788545,10.885506942024502,0
2805.1434565635254,9.037357342361,9.98082795712728,0
2808.4631529618255,9.33615610513827,9.155017022797283,0
2811.7828493601255,9.753959487610631,8.000304739390266,0
2815.1025457584255,10.062558577938384,7.147407957796446,0
2818.4222421567256,10.403839297390112,6.204186683452254,0
2821.7419385550256,10.710048771796927,5.357894249674395,0
2825.0616349533257,11.055435831990875,4.4033239956574235,0
2828.3813313516257,11.460344805732088,3.284248886992791,0
2831.7010277499257,11.76523899418705,2.4415916005318627,0
2835.020724148226,12.090485268196174,1.5426858389071438,0
2838.340420546526,11.112818567537301,1.691048201380555,0
2841.660116944826,10.215322633633336,1.8272445318626476,0
2844.979813343126,9.330436455902612,1.961527313264246,0
2848.299509741426,8.32676639946823,2.1138357232940397,0
2851.619206139726,7.232996134517694,2.279816972734028,0
2854.938902538026,6.4289051498348195,2.401838964534225,0
2858.258598936326,5.43858373643419,2.552121698313649,0
2861.578295334626,4.230683014571265,2.7354224127679214,0
2864.897991732926,3.4447559659120426,2.854688000510919,0
2868.217688131226,2.395583517145956,3.013901465627456,0
2871.537384529526,1.4495118560884577,3.1574692342842408,0
2874.8570809278262,2.1809327635050506,3.800830412142324,0
2878.1767773261263,3.0308468288368404,4.548418714042714,0
2881.4964737244263,3.684315941760764,5.123213136681711,0
2884.8161701227264,4.478743152620645,5.821994947426721,0
2888.1358665210264,5.181839269168975,6.440441509595251,0
2891.4555629193264,5.830083592114403,7.010640183055436,0
2894.7752593176265,6.73155196829145,7.803575892738052,0
2898.0949557159265,7.3777508752522865,8.371975408936375,0
2901.4146521142266,8.04016463209365,8.954637581304555,0
2904.7343485125266,8.634387324114357,9.477318580947758,0
2908.0540449108266,9.21373148510735,9.986912356600335,0
2911.3737413091267,10.007170123712914,10.684824614665779,0
2914.6934377074267,10.588712768430437,11.196352186664853,0
2918.0131341057267,11.302280398479198,11.824009540036208,0
2921.332830504027,12.108428531931198,12.533101127939602,0
2924.652526902327,12.997200881009594,13.314869354076858,0
2927.972223300627,13.644504836482893,13.884240876004522,0
2931.291919698927,14.218443888124101,14.389080292732224,0
2934.611616097227,15.103319021803294,15.167420510366888,0
2937.931312495527,15.842391965329583,15.81751245421023,0
2941.251008893827,16.775696475771767,16.638451373305617,0
2944.570705292127,17.506415293936694,16.46134755986269,0
2947.890401690427,18.645492179634793,16.185270284655182,0
2951.210098088727,17.619912656484917,15.869309792825433,0
2954.529794487027,16.701704982992794,15.5864284154483,0
2957.849490885327,15.62278668141913,15.25403531524059,0
2961.1691872836273,14.520102169441639,14.914320322036167,0
2964.4888836819273,13.347698681710511,14.553126310021648,0
2967.8085800802273,12.183315469024881,14.194403183970417,0
2971.1282764785274,11.183712954586198,13.88644568777717,0
2974.4479728768274,10.280078588159126,13.608054054163365,0
2977.7676692751274,9.548370692168577,13.38262951957162,0
2981.0873656734275,8.553824850045096,13.076229882750239,0
2984.4070620717275,7.738153821408032,12.824937990154815,0
2987.7267584700276,6.7264993092071315,12.513267515051083,0
2991.0464548683276,5.978871475617028,12.282938366823522,0
2994.3661512666276,4.788429809738002,11.916187153723497,0
2997.6858476649277,3.98305904170289,11.668068564935634,0
3001.0055440632277,3.26493265376432,11.446828220713362,0
